Time, Altitude, U, V, W, Temperature
0.745995,207.106803,1.32,0.24,0.18,21.45
0.829837,3601.970968,1.44,0.12,0.02,21.61
0.918099,-12113.06673,1.44,0.12,-0.06,21.49
1.006468,-6848.974783,1.2,0.04,0.06,21.41
1.094384,-10036.18193,1.24,0.1,0.04,21.45
1.183793,28406.24179,1.2,0.1,0,21.33
1.268085,-3278.496226,1.2,0.24,-0.24,21.21
1.357059,1745.218511,1.2,0.24,-0.22,21.33
1.445153,9407.841469,1.68,0.56,-0.22,21.53
1.533026,-5077.275987,1.64,0.54,-0.14,21.61
1.621306,-13406.02753,1.66,0.5,-0.22,21.45
1.710063,-11763.09164,1.28,0.84,-0.68,21.61
1.798512,12527.93962,1.36,0.84,-0.72,21.45
1.887108,-6530.379103,2.06,-0.14,-1.1,21.61
1.97483,11895.18023,2.08,-0.12,-1.14,21.61
2.06263,-9832.081257,1.7,0.02,-0.5,21.77
2.150847,2914.237754,1.74,0.04,-0.48,21.77
2.239334,9128.125349,1.76,0,-0.52,21.65
2.331402,-12521.90963,1.78,0.1,-0.46,21.69
2.420062,12966.05679,1.78,0.12,-0.46,21.77
2.508609,3214.976647,1.94,0.12,-0.36,21.89
2.596959,15034.10439,1.94,0.08,-0.34,21.81
2.679765,2163.882604,1.94,0.06,-0.36,21.81
2.768434,-2496.891945,2.14,0.04,-0.46,22.13
2.856634,-2496.891945,2.1,-0.02,-0.46,22.13
2.938888,-0.646527,2.06,-0.12,-0.32,22.33
3.015268,-0.511671,2.08,-0.16,-0.32,22.25
3.102126,-4072.057588,1.7,0.36,-0.56,22.17
3.188765,-7903.960031,1.68,0.36,-0.5,22.37
3.275955,-6776.146779,1.66,0.34,-0.5,22.37
3.36285,3582.439807,1.88,0.12,-0.34,22.33
3.449858,-13312.05344,1.94,0.2,-0.38,22.37
3.536949,-13312.05344,1.96,0.24,-0.64,22.57
3.624221,-6857.369246,1.92,0.2,-0.64,22.61
3.711263,-1320.455719,1.94,0.24,-0.7,22.49
3.798366,290.376814,2.28,0.02,-0.56,22.77
3.885474,-4954.1574,2.3,-0.04,-0.58,22.61
3.972582,-10054.76084,2.36,0.62,-0.8,22.77
4.059558,-7793.242046,2.42,0.58,-0.8,22.65
4.146507,2525.166822,2.34,0.6,-0.84,22.77
4.233321,-12566.18265,2.3,0.58,-0.82,22.81
4.320218,13160.34461,2.36,0.62,-0.86,22.81
4.407321,-10794.94998,1.94,0.3,-0.46,22.93
4.49442,-4526.689421,1.98,0.36,-0.46,22.97
4.581461,-12145.40783,1.78,0.54,-0.24,22.93
4.668065,-0.074093,1.78,0.6,-0.2,22.97
4.741328,-0.211652,1.78,0.54,-0.24,22.81
4.824101,-2186.086695,1.54,0.52,0.16,22.93
4.913136,-6368.554726,1.52,0.5,0.16,22.77
5.001389,881.379873,2.56,0.12,-0.16,23.01
5.080675,881.379873,2.52,0.06,-0.14,23.05
5.168872,-14648.83991,2.5,0.04,-0.16,22.93
5.258744,5326.306932,2.2,0.12,0.1,21.93
5.347501,-12744.66412,2.2,0.14,0.08,21.97
5.436487,-11312.77146,2.36,-0.14,0.26,21.77
5.526409,-8031.084884,2.34,-0.18,0.24,21.69
5.615751,-2262.735014,2.36,-0.2,0.24,21.65
5.705423,-13288.44762,2.3,0.18,0.44,21.97
5.794766,-6094.107722,2.28,0.16,0.48,22.05
5.88454,-8659.911393,1.78,0.48,0.02,22.41
5.973837,-3853.988186,1.86,0.52,-0.04,22.37
6.063031,-391.593533,1.68,0.36,0.12,22.57
6.153042,-2050.553196,1.72,0.36,0.08,22.53
6.242352,-2476.192853,1.68,0.36,0.06,22.49
6.331861,-2476.192853,1.94,0.32,0.1,22.45
6.421009,-3603.029547,1.94,0.36,0.12,22.53
6.503539,-14696.80528,1.86,0.06,0.18,22.09
6.591677,-5050.775912,1.9,0.04,0.18,22.05
6.680228,-7180.464897,1.78,0.02,0.16,22.05
6.768779,1239.83,1.78,-0.04,0.2,21.77
6.8572,-11357.22298,1.78,0.02,0.16,21.85
6.94583,2904.597035,1.68,0.1,0.12,21.77
7.034637,-12276.65114,1.66,0.04,0.12,21.73
7.12261,-2424.96991,1.68,0.04,0.08,21.61
7.211037,-2424.96991,2.14,0.16,-0.04,22.29
7.299779,-13141.41786,2.16,0.16,-0.06,22.29
7.389087,-14113.01776,2.38,0.04,-0.22,22.61
7.477173,-12062.56201,2.42,0.06,-0.26,22.45
7.564917,-14115.7664,2.2,-0.04,-0.08,22.29
7.653715,14596.37067,2.18,-0.06,-0.04,22.33
7.742189,-9686.454673,2.22,-0.02,-0.06,22.29
7.830478,-3608.223281,2.06,-0.1,-0.38,21.93
7.919625,-6161.10537,2.06,-0.16,-0.38,21.85
8.008328,-9069.155448,2.12,-0.04,-0.64,21.45
8.096776,-7430.90414,2.1,-0.06,-0.6,21.45
8.185072,3079.265282,2.1,-0.08,-0.64,21.33
8.272123,-9617.327319,1.62,-0.64,-0.7,21.37
8.360975,-445.199195,1.7,-0.64,-0.68,21.37
8.449851,2443.67273,1.9,-0.36,-0.66,21.65
8.538183,-545.931756,1.88,-0.36,-0.66,21.65
8.626086,-15.677954,1.86,-0.4,-0.72,21.53
8.714488,-12687.51042,2.22,-0.06,-0.72,21.97
8.802824,-4129.044137,2.22,-0.14,-0.72,21.89
8.895298,6180.609675,1.68,0.28,-0.6,21.97
8.965514,3200.919661,1.64,0.28,-0.58,21.97
9.054239,10970.0434,1.96,-0.76,-1.04,21.33
9.142694,1642.35645,2.02,-0.64,-1.02,21.49
9.231326,10945.50325,2.02,-0.68,-1.04,21.49
9.31966,7896.844141,2.2,-0.72,-0.88,21.37
9.407819,-13453.91346,2.22,-0.72,-0.88,21.29
9.495935,13645.43049,2.02,-0.82,-1,21.41
9.583867,-11812.8512,2.02,-0.82,-0.98,21.45
9.671567,368.205202,1.96,-0.9,-1.02,21.29
9.760021,139.386596,2.62,-0.96,-0.82,21.61
9.848484,-4675.17643,2.6,-1.02,-0.8,21.53
9.930104,-13642.35757,2.52,-0.7,-0.7,21.37
10.008579,9109.159052,2.46,-0.7,-0.7,21.45
10.096901,5655.091993,2.46,-0.74,-0.72,21.29
10.185081,-1006.878445,2.94,-0.8,-0.82,21.61
10.273401,1024.65264,2.9,-0.88,-0.84,21.53
10.362319,8794.099666,2.24,-1.04,-0.52,21.61
10.451161,-10665.56277,2.2,-1.04,-0.54,21.57
10.535831,-5252.242569,2.18,-1.06,-0.56,21.49
10.620137,-9027.138453,2.12,-1.36,-0.18,21.33
10.708481,-6202.102352,2.12,-1.34,-0.16,21.45
10.797677,12858.01804,2.26,-1,-1.12,21.29
10.881854,3229.157816,2.3,-0.96,-1.14,21.25
10.970501,-6670.540368,1.22,-1.3,0.04,21.41
11.056164,-10003.70907,1.28,-1.32,0,21.33
11.144202,-14892.30824,1.24,-1.32,0.04,21.37
11.232528,-12054.05898,1.1,-1.54,0.8,21.45
11.320714,-12421.69606,1.16,-1.52,0.76,21.33
11.409069,7809.063896,0.76,-1.04,0.2,21.49
11.494804,2108.799609,0.76,-1.12,0.2,21.41
11.583422,2669.856996,0.72,-1.1,0.16,21.45
11.672238,-4681.412049,0.7,-1.16,0.3,21.45
11.752363,-8397.387984,0.64,-1.2,0.32,21.45
11.820142,-12491.00089,0.82,-1.3,0.64,21.45
11.889012,-12922.96615,0.78,-1.32,0.64,21.45
11.977806,-13302.10173,0.74,-1.38,0.6,21.41
12.065553,12790.69336,0.46,-1.2,0.52,21.57
12.154115,-7860.577382,0.48,-1.16,0.5,21.53
12.24256,-7284.586493,0.1,-1.22,1.22,21.29
12.33112,-4874.772111,0.06,-1.2,1.2,21.33
12.419554,-9921.636117,0.5,-1.14,1.1,21.29
12.507969,-6155.70984,0.56,-1.14,1.1,21.21
12.596486,509.040103,0.54,-1.14,1.1,21.17
12.685183,1068.978185,0.84,-1.08,0.7,21.33
12.774197,-3800.982215,0.8,-1.1,0.78,21.41
12.863102,6979.012806,1.36,-0.64,-0.16,21.37
12.951818,6979.012806,1.36,-0.66,-0.16,21.41
13.040591,1577.720517,1.3,-0.66,-0.14,21.45
13.130256,-7302.633204,1.32,-1.06,-0.44,21.29
13.21861,13905.29521,1.32,-1.04,-0.4,21.45
13.306965,-7098.463251,1.02,-0.9,-0.82,21.45
13.395212,-9124.002559,0.98,-0.88,-0.84,21.45
13.483422,3411.28452,0.92,-0.92,-0.88,21.29
13.56732,5521.084562,0.46,-0.88,-1.14,21.53
13.655267,-8281.794707,0.5,-0.9,-1.14,21.53
13.744129,-6525.442835,0.9,-0.88,-1.16,21.45
13.833132,-647.280723,0.92,-0.86,-1.14,21.45
13.921264,-10734.19751,0.86,-0.96,-1.18,21.37
14.010257,324.573481,0.8,-0.94,-2.16,21.37
14.099111,13328.04376,0.8,-0.96,-2.14,21.41
14.187641,18000.36548,0.42,-1.16,-2.2,21.57
14.276366,6280.517091,0.42,-1.22,-2.2,21.45
14.364977,14211.93501,0.7,-0.88,-2.3,21.77
14.453986,4438.301711,0.7,-0.86,-2.3,21.73
14.542964,8866.501181,0.72,-0.8,-2.3,21.77
14.631141,-4200.57033,1.12,-0.26,-2.62,21.93
14.719775,1836.980632,1.12,-0.22,-2.62,21.85
14.808283,45.617758,0.92,-0.86,-2.58,21.45
14.8972,-14649.03233,0.94,-0.88,-2.6,21.37
14.985724,-2804.326725,0.86,-0.94,-2.58,21.41
15.074272,-13056.53336,0.7,-0.88,-2.42,21.61
15.162712,-3358.691282,0.76,-0.88,-2.46,21.61
15.247583,378.969164,0.58,-0.96,-3.04,21.45
15.332219,-10736.32733,0.6,-0.9,-3.04,21.45
15.420232,-1354.203145,0.52,-0.98,-3.06,21.45
15.508101,-3416.020743,0.66,-1.18,-3.12,21.57
15.596296,-981.765529,0.66,-1.16,-3.12,21.49
15.684908,-3056.581011,0.86,-1.1,-2.6,21.61
15.773092,-10338.58149,0.82,-1.08,-2.6,21.57
15.86155,-4249.911742,0.6,-0.86,-2.96,21.77
15.950531,-2097.254159,0.64,-0.84,-2.96,21.73
16.039013,-11151.09661,0.62,-0.88,-2.96,21.61
16.127358,-2849.05721,0.68,-0.72,-2.98,21.77
16.215628,-11125.56359,0.66,-0.76,-2.96,21.77
16.304197,11840.91336,0.54,-0.48,-2.84,22.01
16.392874,1502.729416,0.52,-0.52,-2.84,21.93
16.481412,-4839.782502,0.48,-0.56,-2.88,21.85
16.569107,1602.207574,0.7,-0.78,-3.12,22.09
16.657438,-2951.064669,0.7,-0.76,-3.16,22.01
16.745978,-2705.935114,1.3,-0.8,-3.04,21.65
16.834815,-13264.24834,1.32,-0.76,-3,21.85
16.923761,-13264.24834,1.26,-0.8,-2.98,21.81
17.011063,26072.22566,1.44,-0.86,-2.8,21.65
17.084648,3733.290553,1.38,-0.86,-2.78,21.77
17.173107,4519.128718,1.24,-1.26,-2.7,21.25
17.261064,-950.36585,1.44,-1.1,-2.54,21.61
17.349965,-950.36585,1.38,-1.12,-2.54,21.65
17.434051,11395.23992,1.56,-0.88,-2.5,21.53
17.522801,-7241.646396,1.58,-0.88,-2.52,21.49
17.612342,12042.49959,2.06,-1.1,-2.12,21.45
17.701496,-9513.164493,2.02,-1.06,-2.12,21.57
17.790734,6129.454652,2.14,-1.06,-2.1,21.45
17.8795,1610.374215,2.14,-0.98,-2.08,21.61
17.969008,2298.832199,2.14,-1.02,-2.06,21.49
18.058094,-12120.65571,1.98,-1.04,-2.4,21.49
18.147382,-10629.02679,1.96,-1.04,-2.42,21.45
18.236484,7399.807305,2.18,-0.98,-1.84,21.45
18.32555,-5065.582071,2.18,-1.04,-1.84,21.49
18.414517,-4038.55802,2.1,-1.04,-1.88,21.45
18.503892,13226.62319,1.64,-0.96,-2.12,21.93
18.593113,-12547.36484,1.56,-1.04,-2.12,21.77
18.682736,2804.45484,1.54,-0.8,-2.04,21.97
18.771758,-5470.761537,1.54,-0.8,-1.96,22.01
18.845609,-3120.688181,1.52,-0.84,-2.04,21.93
18.933808,-7987.166566,1.04,-0.8,-2.2,21.69
19.0217,5694.81687,0.98,-0.84,-2.26,21.49
19.109214,17499.18784,1.1,-0.76,-2.46,21.73
19.197786,-4332.668377,1.22,-0.76,-2.46,21.61
19.286391,2338.330244,1.18,-0.8,-2.46,21.65
19.374965,-5642.57528,1.64,-0.52,-2.2,21.37
19.463497,-13381.43271,1.66,-0.48,-2.18,21.41
19.552015,9263.950099,1.52,-0.86,-1.82,21.29
19.640258,-4456.601263,1.44,-0.84,-1.82,21.45
19.729099,-12683.24304,0.7,-1.14,-1.72,21.41
19.817,-664.432278,0.76,-1.08,-1.78,21.41
19.904853,-2193.81545,0.72,-1.12,-1.76,21.49
19.993612,4131.339265,0.86,-1.04,-1.38,21.61
20.081942,4131.339265,0.84,-1.02,-1.4,21.57
20.170306,-8007.253021,0.7,-1.22,-0.8,21.61
20.258176,-1530.483043,0.7,-1.2,-0.78,21.69
20.347742,9577.406874,0.68,-1.22,-0.74,21.69
20.435869,-13024.98205,0.72,-1.14,-0.58,21.77
20.525168,-2288.740725,0.7,-1.2,-0.6,21.69
20.607228,7773.715998,0.84,-0.82,-0.72,21.69
20.695466,-8445.758628,0.86,-0.8,-0.74,21.73
20.783656,822.889885,0.82,-0.8,-0.74,21.77
20.872332,-10614.4522,0.62,-0.72,-0.46,21.85
20.961046,116.137404,0.66,-0.74,-0.48,21.65
21.049318,13367.8295,0.28,-0.62,-0.62,21.77
21.137994,8601.794096,0.3,-0.66,-0.66,21.77
21.22615,-12502.87768,0.24,-0.66,-0.66,21.77
21.314709,-2442.521963,0.48,-0.24,-0.4,21.73
21.402755,17861.92181,0.52,-0.22,-0.42,21.77
21.491362,-6963.407621,0,-0.26,0.48,21.77
21.579631,-4090.216828,0.02,-0.26,0.52,21.93
21.668349,-4090.216828,0.28,-0.16,-0.06,21.81
21.752037,-9425.250486,0.24,-0.22,-0.04,21.73
21.839962,-914.57284,0.24,-0.16,-0.06,21.85
21.928054,-4910.111686,1.26,-0.44,-1.08,22.57
22.016122,1419.818636,1.3,-0.48,-1.14,22.33
22.104232,9535.682661,1.36,-0.54,-0.56,22.49
22.192778,-9089.148052,1.38,-0.54,-0.58,22.45
22.281257,-3047.155063,1.3,-0.5,-0.58,22.49
22.368272,-3215.525754,1.52,-0.38,0.18,22.09
22.457176,-2218.666496,1.52,-0.4,0.18,22.05
22.546243,11313.87375,1.72,-0.18,-0.26,22.61
22.634765,-13604.84512,1.78,-0.12,-0.22,22.69
22.723623,8158.028728,1.7,-0.22,-0.26,22.53
22.812955,-8378.056749,2.18,-0.3,0.24,22.61
22.901584,-12703.90636,2.18,-0.32,0.22,22.69
22.98986,-3559.732626,2,0.04,0.1,22.57
23.078883,-1791.812995,2.02,0.04,0.1,22.57
23.167602,-9977.597213,1.98,-0.1,0,22.45
23.256609,-11657.62843,1.94,-0.12,0.02,22.41
23.3457,-63.397584,2.02,-0.08,0,22.49
23.433706,-1065.09849,2.28,-0.38,-0.26,22.13
23.522275,778.070953,2.28,-0.38,-0.32,22.05
23.607035,-1314.021513,2.22,-0.72,-0.14,22.13
23.695944,-7779.819644,2.24,-0.72,-0.16,22.05
23.784216,-7779.819644,2.2,-0.74,-0.18,21.97
23.872849,-13130.36837,2.3,-0.8,-0.72,22.13
23.961241,-8642.880149,2.3,-0.78,-0.74,22.13
24.050174,366.119622,2.3,-0.82,-0.92,21.93
24.136515,-12280.50877,2.3,-0.78,-0.96,21.85
24.225808,21800.15009,2.52,-1.04,-1.54,21.97
24.314913,13411.46481,2.52,-1.02,-1.54,21.97
24.404148,-9135.411488,2.48,-0.98,-1.54,21.97
24.493066,-12228.33684,2.98,-0.66,-0.7,22.13
24.581578,-10692.33336,2.96,-0.7,-0.72,22.13
24.670483,3361.069096,2.3,-0.88,-1.46,21.97
24.760028,16684.05107,2.26,-0.96,-1.4,22.01
24.849292,16684.05107,2.26,-0.9,-1.46,22.05
24.938255,-6561.793403,1.78,-0.88,-2.26,22.13
25.027384,2772.385987,1.86,-0.86,-2.26,22.13
25.116354,246.931614,1.78,-1.44,-1.66,21.97
25.204883,-10711.02265,1.74,-1.46,-1.66,21.89
25.293762,-8594.70721,1.78,-1.46,-1.7,21.85
25.382816,-7097.908242,1.78,-1.42,-1.38,21.85
25.47175,-11140.14957,1.76,-1.38,-1.38,21.97
25.560872,-10032.66427,1.76,-1.36,-1.42,21.77
25.645315,-12146.808,1.78,-1.3,-1.4,21.77
25.734159,-2071.72041,1.72,-1.36,-1.4,21.77
25.823238,-583.653982,1.36,-1.58,-1.16,21.77
25.904322,-10745.28559,1.28,-1.62,-1.18,21.69
25.992714,-11980.06057,1.24,-1.38,-1.34,21.77
26.062612,-6636.995485,1.2,-1.32,-1.34,21.93
26.150492,-6478.850248,1.32,-1.46,-0.94,21.85
26.239571,-10656.28569,1.32,-1.5,-0.96,21.73
26.328561,-3413.65395,1.34,-1.5,-0.92,21.73
26.41699,-6607.018257,1.6,-0.98,-1.46,21.81
26.50535,1510.520465,1.54,-0.98,-1.42,21.93
26.593894,-8659.096133,0.86,-1.14,-1.52,21.85
26.682636,-3096.580802,0.86,-1.12,-1.54,21.89
26.77063,-6007.552694,0.82,-1.2,-1.52,21.85
26.858684,20664.93952,0.34,-1.26,-1.3,21.89
26.946821,5106.891289,0.36,-1.22,-1.3,21.97
27.034955,-1869.381739,1.1,-1.1,-0.92,22.09
27.123605,-13119.92402,1.1,-1.1,-0.96,22.09
27.211891,1326.485292,1.1,-1.12,-0.98,21.97
27.300247,-5760.288562,1.86,-0.96,-0.64,22.09
27.388657,-6842.246577,1.92,-0.92,-0.66,22.09
27.476634,2734.048442,1.72,-0.72,-0.38,21.97
27.564856,-3301.835372,1.68,-0.72,-0.3,21.97
27.648414,3144.626738,1.56,-0.9,0.3,22.09
27.737022,-8591.256758,1.6,-0.84,0.28,22.09
27.826314,31629.95564,1.6,-0.88,0.3,22.05
27.914891,-1538.544483,1.36,-0.8,0.88,21.97
28.003974,-1538.544483,1.32,-0.88,0.86,21.81
28.09236,904.391829,0.76,-0.92,0.62,22.05
28.181652,-14723.57785,0.76,-0.94,0.6,21.97
28.270138,-10781.78445,0.72,-0.92,0.58,21.97
28.358997,10682.54464,0.68,-1.04,0.64,22.01
28.448195,-12339.48173,0.7,-0.96,0.62,22.09
28.536757,13460.42863,0.98,-1.18,-0.22,21.89
28.625667,16094.92702,0.96,-1.18,-0.22,21.85
28.714391,5688.669259,0.94,-1.22,-0.26,21.73
28.803164,-11191.32562,1.06,-0.98,-0.56,21.65
28.891786,-8135.15689,1.1,-0.96,-0.56,21.73
28.980482,-7560.117659,1.86,-0.78,-0.38,21.65
29.069723,-6013.870802,1.78,-0.82,-0.34,21.77
29.158776,6185.826927,1.84,-0.82,-0.42,21.61
29.247333,6185.826927,1.54,-0.94,0.04,21.81
29.336162,-4068.689253,1.6,-0.96,0,21.65
29.425815,-4483.358985,1.2,-1.22,-0.14,21.73
29.510499,-12391.90029,1.04,-1.4,-0.32,21.33
29.599932,7434.346972,1.72,-1.48,-0.48,21.45
29.689348,2396.881394,1.72,-1.44,-0.46,21.53
29.765483,2396.881394,1.66,-1.5,-0.46,21.41
29.856547,8029.862408,1.6,-1.06,-0.5,21.49
29.947663,-10859.97318,1.68,-1.04,-0.48,21.49
30.037991,-8540.613524,2.12,-1.1,-0.46,21.53
30.12809,24143.31324,2.14,-1.12,-0.42,21.57
30.218012,3844.815873,2.12,-1.12,-0.48,21.45
30.304155,-3807.159107,2.14,-0.72,-0.22,21.53
30.392965,7046.765901,2.16,-0.74,-0.22,21.49
30.482145,26050.81118,1.68,-0.48,0.24,21.73
30.572733,-6163.284951,1.7,-0.46,0.2,21.65
30.662122,-9110.101976,0.98,-0.46,0.02,21.81
30.751154,-5823.9413,0.98,-0.46,-0.04,21.69
30.84135,-9580.299249,0.96,-0.38,-0.02,21.81
30.931407,-5258.317973,0.06,-0.48,-0.1,21.77
31.02097,-1425.715278,0.06,-0.46,-0.1,21.85
31.110379,12151.20334,0.14,-0.54,-0.02,21.77
31.199978,1967.64876,0.1,-0.56,0.02,21.77
31.284164,-3710.005537,0.08,-0.56,0.02,21.81
31.373694,7445.855769,0.22,-0.64,0.34,21.89
31.462593,-140.334859,0.22,-0.6,0.36,22.01
31.552226,2974.380278,0.04,-0.5,0.04,21.85
31.641751,-3572.611201,0.04,-0.48,0.04,21.93
31.731072,-6488.432213,0.04,-0.44,0.04,21.89
31.820501,-14618.50359,-0.12,-0.48,-0.52,21.77
31.91022,2093.012684,-0.14,-0.46,-0.5,21.85
31.999734,5525.189825,-0.26,-0.62,-0.52,21.69
32.088968,-10262.74424,-0.32,-0.64,-0.52,21.61
32.179011,-8337.667262,-0.04,-0.82,-0.06,21.73
32.270103,18367.01084,-0.08,-0.78,-0.02,21.89
32.355433,-7504.707244,-0.1,-0.84,-0.04,21.77
32.446397,-13156.79101,0.36,-0.88,-0.04,21.61
32.535843,-2573.405408,0.34,-0.88,-0.06,21.73
32.625339,-11199.83355,0.9,-0.84,0.24,21.53
32.714987,812.829765,0.9,-0.86,0.24,21.45
32.807419,-11305.8561,0.86,-0.82,0.2,21.53
32.886101,-3108.267321,1.18,-0.5,-0.1,21.61
32.972986,25476.93932,1.2,-0.56,-0.14,21.45
33.05561,-9297.560668,1.4,-0.46,-0.54,21.61
33.14429,22516.72774,1.4,-0.46,-0.56,21.61
33.232283,19113.89384,1.28,-0.52,-0.46,21.29
33.321319,-13900.65999,1.22,-0.56,-0.46,21.37
33.409536,4085.362453,1.32,-0.56,-0.46,21.29
33.497862,-812.117487,1.22,-0.64,-0.38,21.33
33.586118,6158.306618,1.22,-0.56,-0.42,21.45
33.674489,-240.802764,1.18,-0.66,-0.32,21.41
33.763144,4899.351145,1.26,-0.68,-0.36,21.29
33.851317,-1696.711823,1.22,-0.68,-0.38,21.37
33.939583,-1390.391898,1.22,-0.6,-0.62,21.45
34.028402,-7059.381984,1.18,-0.66,-0.58,21.45
34.117289,-14178.77724,1.2,-0.64,-0.36,21.41
34.205363,-1979.320519,1.2,-0.6,-0.38,21.37
34.29344,13066.00489,1.12,-0.7,-0.38,21.37
34.38107,-10708.16324,1.38,-0.74,-0.22,21.45
34.470105,-10708.16324,1.4,-0.76,-0.22,21.45
34.558144,-10708.16324,1.1,-0.9,-0.14,21.45
34.640904,-11201.92054,1.04,-0.94,-0.1,21.53
34.724324,-7911.052049,1.08,-0.92,-0.16,21.45
34.799368,-339.563567,0.98,-0.9,-0.4,21.61
34.878045,-14472.98754,1.02,-0.96,-0.4,21.45
34.953459,-11664.19639,1.2,-0.9,-0.46,21.49
35.029802,12838.98884,1.22,-0.9,-0.46,21.53
35.108036,4331.392467,1.18,-0.96,-0.5,21.45
35.183948,-12447.11044,1.1,-0.96,-0.48,21.49
35.272201,-6989.810387,1.08,-0.9,-0.46,21.57
35.361655,11646.38833,1.22,-1.04,-0.48,21.49
35.451103,-6443.978835,1.18,-1.04,-0.48,21.53
35.540443,-8753.872505,1.28,-1.14,-0.34,21.61
35.630002,-2423.683968,1.26,-1.14,-0.36,21.53
35.719319,-9018.099102,1.26,-1.14,-0.38,21.61
35.808612,-7296.166209,1.02,-0.84,0.08,21.61
35.898131,1285.088117,1.02,-0.8,0.12,21.65
35.987304,-9746.164711,1.04,-0.78,0.06,21.65
36.076839,-1406.815672,1.08,-0.72,0.02,21.69
36.1658,13306.70277,1.12,-0.74,0.02,21.53
36.254362,-4187.554252,1.44,-0.62,-0.46,21.61
36.343343,-4187.554252,1.44,-0.58,-0.46,21.69
36.434923,-12584.15248,1.34,-0.46,-0.4,21.77
36.519199,8912.530824,1.38,-0.46,-0.44,21.77
36.603366,2926.871785,1.36,-0.5,-0.46,21.61
36.691079,-992.633917,1.3,-0.82,-0.12,21.77
36.779264,-5713.940366,1.3,-0.78,-0.12,21.81
36.867925,-6292.268909,1.2,-0.64,0.12,21.85
36.956537,8008.457763,1.16,-0.7,0.12,21.81
37.044363,-6100.213517,1.68,-0.44,-0.1,21.81
37.133018,13703.0293,1.72,-0.46,-0.06,21.89
37.220519,-13632.31323,1.68,-0.44,-0.08,21.81
37.308039,-8439.65182,1.28,-0.46,-0.16,21.73
37.396349,-7174.116542,1.36,-0.42,-0.18,21.69
37.48433,-1020.009802,1.16,-0.88,-0.44,21.65
37.572439,-9829.682345,1.2,-0.86,-0.38,21.69
37.660405,3112.916445,1.22,-0.8,-0.44,21.61
37.748468,19205.91554,1.4,-0.86,0,21.69
37.836588,-5232.723379,1.36,-0.88,-0.02,21.77
37.924495,7138.042745,1.24,-0.9,0.04,21.85
38.012895,-11543.37884,1.28,-0.88,0,21.81
38.100831,-11548.57228,1.2,-0.92,0.04,21.85
38.189576,-11272.30561,1.06,-0.8,0.12,21.65
38.266271,-11272.30561,1.04,-0.8,0.12,21.73
38.347143,-12837.41532,1.36,-0.96,0.36,21.61
38.433886,9845.685941,1.3,-0.94,0.44,21.73
38.522171,-4546.950617,1.3,-0.96,0.42,21.61
38.61116,-4923.537732,0.9,-1,0.04,21.65
38.696179,11514.45951,0.84,-1.02,0.02,21.57
38.78893,-9244.474671,1.36,-1.1,-0.02,21.45
38.87313,-1565.084289,1.36,-1.06,0.04,21.53
38.9616,7432.138694,1.4,-1.02,-0.02,21.49
39.050149,-11720.88662,1.52,-1.12,0.06,21.61
39.138496,-553.549563,1.52,-1.08,0.04,21.61
39.226671,-6687.030806,1.36,-1,-0.02,21.61
39.31574,400.962498,1.44,-0.98,-0.06,21.45
39.404535,892.760029,1.28,-0.72,0.12,21.65
39.494064,-2070.423594,1.2,-0.8,0.12,21.45
39.583448,13051.08665,1.2,-0.82,0.12,21.53
39.672524,9800.087145,1.54,-0.64,0.24,21.57
39.761581,7956.965475,1.58,-0.68,0.22,21.45
39.850118,3581.473138,1.36,-0.78,0.44,21.45
39.938831,-9683.731634,1.36,-0.72,0.4,21.49
40.022892,5966.685924,1.3,-0.78,0.42,21.53
40.11086,-12626.29712,1,-0.6,0.58,21.61
40.198544,-1805.167259,0.98,-0.62,0.62,21.65
40.287526,5468.843111,1.2,-0.74,0.94,21.61
40.376289,19741.2025,1.2,-0.76,0.92,21.53
40.46445,-12201.54147,1.56,-0.38,0.7,21.37
40.55255,-3473.955085,1.56,-0.38,0.74,21.41
40.641091,7679.836566,1.6,-0.38,0.7,21.41
40.72908,-13525.83121,1.84,-0.6,0.28,21.53
40.817131,-7988.812002,1.86,-0.6,0.24,21.41
40.906215,-8943.502806,1.64,-0.44,0.12,21.61
40.994186,-3958.458035,1.62,-0.46,0.1,21.61
41.082355,-7699.791495,1.68,-0.44,0.02,21.49
41.170915,-3821.562805,1.86,-0.56,-0.06,21.53
41.259333,-2369.580633,1.88,-0.54,-0.06,21.45
41.347865,-3175.417051,1.94,-0.42,-0.1,21.45
41.435228,670.490946,1.96,-0.46,-0.12,21.37
41.523796,-8335.153638,1.94,-0.46,-0.14,21.29
41.612027,-11241.25313,2.1,-0.42,-0.2,21.61
41.701747,97.796791,2.06,-0.48,-0.2,21.53
41.768808,3243.758729,2.1,-0.26,-0.36,21.45
41.840957,4845.707264,2.08,-0.32,-0.32,21.41
41.93062,19313.64553,1.96,-0.32,-0.22,21.41
42.01939,-10662.0622,1.98,-0.36,-0.24,21.37
42.109266,-7909.876275,1.96,-0.34,-0.26,21.29
42.198818,-9730.822471,1.86,-0.3,-0.22,21.21
42.287962,-1097.071293,1.88,-0.26,-0.24,21.33
42.378162,-153.151201,2,-0.18,-0.64,21.33
42.467266,2570.939451,2.02,-0.12,-0.68,21.33
42.555949,1986.199664,1.98,-0.24,-0.72,21.17
42.644325,805.943032,1.92,-0.36,-0.78,21.33
42.734098,6679.590427,1.86,-0.32,-0.78,21.45
42.823426,-5289.771093,1.5,-0.62,-0.34,21.85
42.913017,16846.99801,1.5,-0.58,-0.34,21.85
43.002802,-9646.463878,1.46,-0.58,-0.38,21.89
43.084143,-9646.463878,1.7,-0.68,-0.64,21.89
43.16174,-10025.15792,1.68,-0.72,-0.66,21.77
43.239864,-10614.99268,1.96,-0.9,-0.32,21.77
43.317839,-3753.719002,1.94,-0.86,-0.26,21.97
43.399644,9855.30706,2.02,-0.74,-0.72,21.57
43.476416,-5188.013265,2.1,-0.72,-0.72,21.49
43.554398,-9198.835644,2.02,-0.76,-0.74,21.49
43.633508,18743.72978,2.22,-0.72,-0.48,21.37
43.711508,-7147.241905,2.22,-0.72,-0.46,21.33
43.797724,-3669.186534,2.68,-0.42,0,21.41
43.885594,-7827.314569,2.7,-0.4,-0.04,21.33
43.973738,-11176.35705,2.66,-0.44,-0.06,21.29
44.062372,-14066.36592,2.54,-0.48,-0.16,21.29
44.151307,-6848.028936,2.5,-0.46,-0.12,21.41
44.239349,528.940975,2.26,-0.06,0.04,21.21
44.327303,7319.133494,2.28,-0.06,0.04,21.21
44.415895,-3563.127157,2.24,-0.14,0.04,21.17
44.504325,-12938.13314,2.38,-0.14,-0.14,21.21
44.592656,637.135193,2.38,-0.1,-0.14,21.33
44.680906,12590.53928,2.04,-0.38,-0.26,21.17
44.769043,-2491.884029,2.02,-0.36,-0.26,21.17
44.857524,-2270.161276,2,-0.42,-0.3,21.05
44.946224,-10700.6215,2.02,-0.62,-0.24,21.17
45.034543,7941.304512,2,-0.64,-0.26,21.05
45.123686,-13804.45238,1.94,-0.58,0.56,21.25
45.206482,-6929.855235,1.92,-0.58,0.56,21.33
45.295052,2881.711761,1.74,-0.48,0.12,21.21
45.383919,-10037.80076,1.7,-0.54,0.12,21.17
45.472712,5728.575218,1.68,-0.48,0.08,21.25
45.560264,-14445.78294,1.46,-0.46,0.16,21.21
45.649197,-8897.45111,1.48,-0.4,0.16,21.21
45.732918,-9624.125298,1.52,-0.5,-0.08,21.17
45.821373,-9292.843407,1.52,-0.48,-0.08,21.13
45.909625,20019.31506,1.5,-0.5,-0.14,21.17
45.995274,5473.367209,1.62,-0.42,-0.06,21.05
46.084068,-6667.110667,1.58,-0.4,-0.02,21.05
46.167896,-5085.876355,1.3,-0.5,-0.2,21.05
46.256084,10019.18365,1.3,-0.52,-0.18,21.05
46.344612,-14233.40808,1.44,-0.42,-0.22,21.17
46.42897,-13797.25951,1.42,-0.46,-0.24,21.05
46.517136,-6569.183054,1.48,-0.38,-0.26,21.05
46.601872,-10465.69082,1.46,-0.38,-0.36,21.05
46.690793,8906.562698,1.52,-0.34,-0.38,21.29
46.778683,18932.17414,1.44,-0.44,-0.1,21.17
46.867631,-10735.81028,1.52,-0.46,-0.12,21.05
46.945942,-10766.21512,1.48,-0.42,-0.04,21.25
47.008219,11782.84457,1.28,-0.46,-0.36,21.05
47.089957,-9107.642324,1.26,-0.4,-0.32,21.05
47.178321,-9628.991566,1.6,-0.26,-0.38,21.29
47.263734,-6980.175866,1.56,-0.22,-0.32,21.53
47.353151,4691.165667,1.46,-0.26,-0.38,21.29
47.442073,-10078.4263,1.28,-0.26,-0.16,21.37
47.531878,-3862.8205,1.3,-0.34,-0.14,21.37
47.621067,-1087.189632,1.42,-0.46,-0.24,21.49
47.710293,590.758285,1.36,-0.5,-0.18,21.49
47.799333,-4201.408379,1.4,-0.5,-0.22,21.41
47.889004,-9019.595266,1.64,-0.44,-0.06,21.53
47.979161,-2958.529147,1.66,-0.48,-0.1,21.45
48.068837,3515.669923,1.58,-0.66,-0.26,21.49
48.15904,6177.346382,1.6,-0.64,-0.26,21.45
48.249115,21135.48422,1.56,-0.66,-0.36,21.29
48.339268,-6281.794343,1.78,-0.74,-0.42,21.21
48.428992,-3264.803194,1.7,-0.72,-0.44,21.21
48.514282,-1868.404892,2,-0.64,-0.4,21.29
48.604288,6857.575078,1.9,-0.68,-0.38,21.29
48.686973,-4216.77447,2.12,-0.9,-0.22,21.61
48.775286,-9521.137905,2.18,-0.8,-0.26,21.61
48.863617,324.340429,2.14,-0.86,-0.26,21.53
48.952187,324.340429,2.26,-0.96,-0.22,21.77
49.040637,-10612.25041,2.26,-1.02,-0.26,21.65
49.12868,7169.666313,2.06,-0.68,-0.18,21.65
49.216703,7231.161806,2.04,-0.68,-0.16,21.77
49.304577,-7928.824417,2.08,-0.72,-0.22,21.65
49.392716,-4192.56925,2.36,-0.5,-0.14,21.61
49.481278,8122.629816,2.36,-0.52,-0.16,21.61
49.570426,-8290.669289,2.44,-0.76,-0.44,21.73
49.659638,-12805.73804,2.48,-0.72,-0.38,21.77
49.748362,-6517.496018,2.06,-0.72,-0.48,21.65
49.836623,-9021.983434,2.08,-0.66,-0.52,21.69
49.925251,-3468.619348,2.08,-0.66,-0.5,21.65
50.013728,-1103.07448,1.62,-0.38,-0.56,21.61
50.101459,765.027634,1.64,-0.34,-0.56,21.65
50.189352,9443.981283,2.06,-0.38,-0.66,21.61
50.278335,-10681.09207,2.02,-0.42,-0.64,21.61
50.366957,-12229.15304,2.02,-0.4,-0.68,21.61
50.451252,-2043.807715,1.56,-0.08,-1.38,21.65
50.539537,-2826.462837,1.52,-0.12,-1.34,21.69
50.627439,-3582.544837,1.16,-0.14,-1.2,21.61
50.715226,20454.40404,1.18,-0.12,-1.22,21.61
50.803791,7876.538063,1.12,-0.22,-1.24,21.49
50.891729,2429.947804,1.62,-0.16,-0.8,21.49
50.980208,3866.960416,1.54,-0.18,-0.82,21.61
51.068826,5853.102045,1.14,-0.48,-0.68,21.49
51.157086,-6806.860764,1.08,-0.46,-0.64,21.61
51.246162,-153.647163,1.1,-0.46,-0.68,21.49
51.334506,-12253.4537,0.8,-0.8,-0.82,21.73
51.423061,2058.497161,0.76,-0.82,-0.84,21.77
51.506191,-11816.53672,0.86,-0.46,-1.12,21.53
51.594922,4680.391233,0.86,-0.46,-1.14,21.61
51.679818,-1451.887863,1.08,-0.4,-1.02,21.57
51.769074,-10606.96286,1.02,-0.4,-1,21.65
51.857354,15754.60661,1.08,-0.38,-1,21.61
51.94641,-8165.475822,1.32,-0.22,-0.9,21.45
52.03509,2999.41553,1.34,-0.22,-0.92,21.41
52.123936,29347.68292,1.36,-0.36,-0.68,21.41
52.208327,9157.717209,1.36,-0.26,-0.68,21.53
52.297072,-13608.71475,1.3,-0.38,-0.72,21.33
52.385022,-12824.71349,1.28,-0.26,-0.98,21.65
52.473601,-3846.885983,1.32,-0.26,-1.04,21.57
52.56233,-9997.420063,1.02,-0.4,-1.34,21.69
52.651201,7522.211933,1.02,-0.38,-1.34,21.65
52.73618,25204.46169,0.36,-0.52,-1.3,21.77
52.824594,10068.5592,0.34,-0.48,-1.3,21.89
52.912996,-712.95426,0.46,-0.48,-1.34,21.69
53.00236,-8814.411529,-0.38,-0.66,-1.14,21.93
53.09132,-1045.85716,-0.38,-0.68,-1.14,21.85
53.179838,-11222.45568,-0.64,-0.4,-0.94,22.01
53.268894,17386.58528,-0.64,-0.44,-0.92,21.89
53.357525,-8584.818726,-0.68,-0.44,-0.96,21.85
53.446446,-9632.27569,-0.9,-0.44,-0.96,21.85
53.535705,-5360.514874,-0.94,-0.42,-0.96,21.97
53.624512,-13794.01901,-0.58,-0.48,-0.92,21.89
53.713444,5556.429679,-0.6,-0.5,-0.9,21.93
53.797341,-2780.4545,-0.52,-0.42,-1,21.85
53.881726,-7711.136579,-0.46,-0.12,-1.26,21.77
53.953948,2615.552199,-0.44,-0.12,-1.28,21.73
54.030993,-4300.646494,-0.7,-0.14,-0.74,21.85
54.10973,-9633.36074,-0.7,-0.16,-0.74,21.69
54.185489,-6685.345189,-0.76,-0.22,-0.76,21.73
54.264371,10061.03682,-1.38,-0.22,-1.14,21.85
54.342966,-5630.261694,-1.38,-0.24,-1.14,21.89
54.424013,-5515.646294,-0.06,-0.54,-1.92,21.85
54.51435,-4533.247886,-0.04,-0.5,-1.92,21.81
54.603937,-6422.492336,0.36,-0.26,-0.64,21.93
54.693923,549.698667,0.5,-0.22,-0.58,21.93
54.784175,-10634.94503,0.48,-0.22,-0.58,21.85
54.874568,-8933.907975,1.3,-0.46,0.06,21.85
54.965017,26822.21198,1.32,-0.48,0,21.69
55.055868,-12510.88149,1.28,-0.2,0.76,21.61
55.146223,-5980.893053,1.32,-0.18,0.7,21.61
55.235672,-588.010718,1.3,-0.24,0.62,21.53
55.325227,5924.934236,0.76,-0.26,0.1,21.57
55.415993,-7277.811243,0.74,-0.26,0.08,21.53
55.505573,8533.335214,1.04,-0.36,0.2,21.49
55.595307,1140.564346,1.1,-0.32,0.2,21.49
55.681103,-1218.470918,0.98,-0.38,0.14,21.53
55.768727,19190.26029,1.28,-0.34,0.04,21.45
55.857628,-11596.30836,1.28,-0.26,0.04,21.61
55.946629,20552.72593,1.14,-0.26,-0.12,21.49
56.032228,-8504.428333,1.1,-0.3,-0.12,21.41
56.120467,2941.765444,1.08,-0.16,-0.04,21.65
56.209045,11461.99468,1.1,-0.14,-0.04,21.65
56.298063,3644.351724,1.1,-0.14,-0.1,21.69
56.382601,-10319.49909,0.48,-0.24,0.28,21.61
56.471409,-120.797291,0.46,-0.22,0.28,21.61
56.556764,-6403.586603,0.2,-0.26,0.64,21.61
56.64561,-12667.7724,0.28,-0.26,0.62,21.53
56.734774,3197.765288,0.2,-0.32,0.54,21.45
56.82311,2873.792123,-0.12,-0.36,1.14,21.45
56.911869,-14195.31553,-0.1,-0.38,1.16,21.45
57.000621,-2421.708207,-0.26,-0.26,0.88,21.53
57.09027,-13694.18421,-0.26,-0.26,0.86,21.45
57.179434,13338.9694,-0.26,-0.32,0.86,21.41
57.268379,10755.0271,-0.58,-0.46,0.16,21.45
57.356916,-10912.29246,-0.58,-0.44,0.12,21.41
57.446771,-13392.97213,-1.22,-0.84,-0.1,21.61
57.534857,1223.225103,-1.22,-0.86,-0.08,21.61
57.623652,-11306.18769,-1.22,-0.9,-0.12,21.49
57.712348,153.274839,-1.18,-0.46,1.02,21.25
57.801057,-11859.75389,-1.16,-0.46,1.02,21.29
57.889911,7163.846307,-0.9,-0.38,1.02,21.41
57.978593,-11340.90629,-0.9,-0.3,1.04,21.49
58.067073,-8381.673457,-0.5,0.06,1.78,21.29
58.155887,-7896.931524,-0.52,0.04,1.78,21.37
58.239628,-2754.885597,-0.56,0,1.78,21.29
58.328541,-2754.885597,0.04,0.08,1.84,21.45
58.417436,-12438.13116,0.06,0.04,1.78,21.33
58.506757,-8940.854414,0.42,0.52,1.9,21.29
58.595584,-4551.022092,0.44,0.52,1.88,21.29
58.684818,-14887.90022,0.36,0.48,1.9,21.29
58.774044,10682.60856,-0.06,0.12,1.48,21.33
58.863849,-7348.459368,-0.1,0.08,1.48,21.29
58.953131,-11657.39652,-0.76,0,1.3,21.29
59.042714,5360.771413,-0.8,-0.04,1.32,21.21
59.131926,1434.782429,-0.78,-0.06,1.28,21.29
59.215301,-571.527536,0.52,-0.36,1.22,21.33
59.300449,-571.527536,0.52,-0.38,1.22,21.29
59.388917,-571.527536,0.64,-0.04,1.7,21.05
59.477937,-6032.340095,0.64,-0.04,1.74,21.33
59.56739,-13848.29514,1.18,0.04,1.48,21.33
59.656284,-6378.498108,1.12,0.04,1.5,21.41
59.745767,-13033.98798,1.14,0.02,1.52,21.29
59.83467,1061.322752,0.86,-0.16,0.6,21.33
59.923258,-3867.058084,0.84,-0.16,0.56,21.29
60.012373,-3031.240963,0.9,-0.26,0.02,21.29
60.081912,0.26422,0.9,-0.24,0,21.29
60.170311,-10203.85594,0.92,-0.24,0,21.29
60.259542,-3153.454499,1.58,-0.38,-0.06,21.17
60.349486,-3109.299247,1.56,-0.38,-0.06,21.21
60.439385,-1801.88835,1.54,-0.48,-0.38,21.33
60.528686,9073.601604,1.6,-0.42,-0.38,21.29
60.618197,6382.148043,1.56,-0.46,-0.38,21.29
60.708102,-4209.846826,1.7,-0.54,-0.5,21.45
60.797739,-9081.044935,1.68,-0.56,-0.52,21.33
60.886673,-3815.891979,1.68,-0.24,-0.36,21.45
60.980638,6268.912993,1.72,-0.22,-0.38,21.41
61.063781,8311.734419,1.6,-0.22,-0.04,21.41
61.152256,-2116.168828,1.6,-0.26,0.02,21.37
61.240506,-6571.488343,1.6,-0.26,-0.04,21.29
61.32866,3850.267884,1.68,-0.16,0.28,21.29
61.417312,-8988.875887,1.64,-0.14,0.24,21.33
61.506305,-10918.28712,1.46,-0.32,-0.06,21.41
61.594519,-125.214676,1.46,-0.32,-0.06,21.37
61.683401,-2563.822957,1.44,-0.38,-0.1,21.25
61.769131,-14037.93238,1.02,-0.46,0.38,21.41
61.859645,2997.528014,1.02,-0.42,0.36,21.29
61.94966,14832.39585,0.88,-0.38,0.44,21.17
62.039646,9626.432093,1,-0.38,0.46,21.21
62.129048,2348.459683,0.92,-0.42,0.44,21.05
62.218737,3429.881427,0.94,-0.46,0.34,21.25
62.308182,-11647.62515,0.9,-0.46,0.36,21.37
62.398257,-2095.905416,0.36,-0.38,0.6,21.29
62.487381,5609.470828,0.36,-0.46,0.62,21.25
62.57631,-444.678792,0.32,-0.48,0.62,21.25
62.665483,8277.723021,0.64,-0.72,0.22,21.37
62.754683,-393.758139,0.64,-0.68,0.22,21.41
62.836113,5515.278178,0.62,-0.72,0,21.45
62.92135,1674.877985,0.58,-0.74,-0.04,21.45
63.009716,-2340.058308,0.6,-0.72,-0.04,21.61
63.098668,2183.691029,0.62,-0.74,-0.06,21.37
63.186967,-10177.26428,0.6,-0.76,-0.04,21.45
63.27576,-10177.26428,1.02,-0.78,-0.16,21.45
63.363934,7468.113604,0.96,-0.84,-0.14,21.45
63.452184,13305.81266,1.1,-0.78,0,21.45
63.541344,7633.225759,1.08,-0.78,-0.02,21.45
63.629942,-13249.0628,1.04,-0.86,-0.06,21.29
63.718177,-1463.579081,1.16,-0.8,0,21.53
63.806912,-2669.430425,1.24,-0.74,-0.06,21.61
63.8956,-4959.120582,1.24,-0.72,0.04,21.37
63.984014,665.154876,1.2,-0.7,0.08,21.53
64.072691,665.154876,1.32,-0.64,0.04,21.49
64.161041,-8119.270266,1.38,-0.6,-0.02,21.49
64.249783,-3917.547441,1.44,-0.56,-0.02,21.45
64.338838,-14475.60521,0.88,-0.94,0.1,21.45
64.424121,-14683.23812,0.94,-0.88,0.06,21.37
64.518746,-9633.388145,0.62,-0.96,-0.06,21.45
64.611463,-8959.093799,0.64,-0.88,-0.08,21.57
64.70177,-8959.093799,0.62,-0.96,-0.08,21.41
64.791859,8.782798,0.16,-0.66,-0.5,21.45
64.881848,8.782798,0.14,-0.66,-0.48,21.49
64.971904,9723.555262,-0.12,-0.64,-0.08,21.65
65.061864,-8872.460382,-0.06,-0.66,-0.14,21.53
65.154059,-7060.292354,-0.06,-0.64,-0.16,21.57
65.244987,-7995.229143,-0.06,-0.58,-0.14,21.53
65.335284,-5019.211386,-0.06,-0.54,-0.16,21.61
65.422253,-572.676418,0.14,-0.88,-0.46,21.49
65.509253,15426.14232,0.18,-0.8,-0.5,21.57
65.596657,-9691.398434,0.52,-0.38,-1.6,21.41
65.683765,-3071.155315,0.58,-0.44,-1.6,21.29
65.771065,-2306.496796,0.5,-0.4,-1.62,21.41
65.859141,15724.64283,0.5,-0.44,-1,21.45
65.948575,-4691.344677,0.54,-0.42,-1.04,21.33
66.039082,1324.434333,0.44,-0.38,-0.2,21.49
66.128679,783.946554,0.5,-0.36,-0.2,21.45
66.218782,-10897.77746,0.52,-0.42,-1.2,21.45
66.304524,-788.102173,0.48,-0.46,-1.2,21.45
66.376806,-1.041417,0.52,-0.44,-1.22,21.45
66.464268,-8032.358193,0.94,-0.2,-1.3,21.45
66.551475,-10052.4642,0.88,-0.22,-1.3,21.45
66.638751,-9049.278796,0.34,-0.06,-1.38,21.49
66.725569,25841.45416,0.34,-0.14,-1.36,21.33
66.812664,4610.152905,0.32,-0.1,-1.36,21.53
66.899854,-2172.908483,-0.38,-0.42,-1.54,21.41
66.986986,-13844.44813,-0.26,-0.4,-1.54,21.33
67.07406,14457.48503,0.16,-0.26,-0.78,21.45
67.160763,-5506.193877,0.1,-0.26,-0.72,21.49
67.247967,6278.319325,0.12,-0.34,-0.78,21.33
67.334962,5518.790601,-0.08,-0.18,-0.4,21.45
67.416015,20798.69994,-0.06,-0.14,-0.44,21.45
67.504978,2897.065969,0.08,-0.22,-0.44,21.33
67.593899,-1128.465193,0.04,-0.24,-0.38,21.45
67.683223,8787.04338,-0.02,-0.26,-0.4,21.45
67.77249,-12119.06258,-0.12,-0.26,-0.52,21.53
67.861237,-6946.513293,-0.1,-0.24,-0.56,21.45
67.95005,1147.118056,-0.52,-0.16,-0.16,21.33
68.039314,-3485.797504,-0.5,-0.14,-0.14,21.37
68.124068,-13763.66114,-0.08,-0.38,-0.52,21.45
68.213901,-14297.51907,-0.1,-0.26,-0.52,21.53
68.303279,2938.28703,-0.06,-0.34,-0.56,21.41
68.392973,-8668.870965,0.04,-0.78,-0.26,21.45
68.483068,13944.43317,0.04,-0.72,-0.22,21.53
68.572602,-10078.33977,-0.26,-0.72,-0.48,21.45
68.6459,-3911.7172,-0.22,-0.7,-0.46,21.49
68.721251,-9126.735791,-0.26,-0.72,-0.5,21.41
68.806497,2324.245362,-0.16,-0.72,-0.62,21.49
68.896801,-12801.24918,-0.1,-0.74,-0.64,21.37
68.987086,-972.246213,0.34,-0.84,-0.5,21.53
69.077932,-3977.098642,0.28,-0.88,-0.46,21.53
69.168767,13614.91589,0.28,-0.9,-0.56,21.29
69.259113,-2064.45126,0.28,-1.24,-1.14,21.45
69.34967,6619.230832,0.36,-1.22,-1.16,21.53
69.439308,-9377.760187,0.12,-1.26,-1.24,21.45
69.5301,-1655.375973,0.16,-1.2,-1.26,21.53
69.621047,3297.175258,0.14,-1.2,-1.24,21.49
69.710693,-8771.562057,0.12,-1.2,-0.88,21.49
69.800392,22761.10478,0.06,-1.26,-0.9,21.53
69.885049,3149.391772,0.34,-1.24,-0.32,21.53
69.973489,2939.849579,0.34,-1.22,-0.34,21.61
70.06206,-2284.326727,0.3,-1.12,-0.42,21.65
70.15144,-10046.10442,0.28,-1.14,-0.38,21.73
70.240333,-3362.334827,0.28,-1.14,-0.42,21.61
70.328943,-9492.2594,0.2,-1.12,-0.56,21.65
70.41847,-7098.12981,0.2,-1.12,-0.62,21.65
70.507341,-13263.94595,0.44,-1.2,0.04,21.61
70.596155,-881.597213,0.44,-1.16,0.04,21.61
70.680552,6629.537085,0.44,-1.14,0.1,21.61
70.769136,17853.86239,0.46,-1.04,-0.04,21.69
70.854061,-2979.205672,0.44,-1.14,0.02,21.61
70.94321,5775.21781,0.3,-0.9,0.18,21.77
71.028307,-3025.804529,0.36,-0.92,0.14,21.61
71.117143,1323.468532,0.38,-1.18,0.14,21.69
71.20146,491.569941,0.44,-1.14,0.12,21.65
71.285602,-9364.024967,0.4,-1.18,0.14,21.65
71.374541,-844.277939,0.5,-1.08,0.16,21.77
71.463651,-9511.474161,0.44,-1.08,0.16,21.77
71.552734,-12176.9565,0.52,-1.08,0.12,21.69
71.637041,-9807.280275,0.52,-1.14,0.12,21.61
71.725707,-11574.61402,0.5,-1.14,0.08,21.57
71.81467,-12372.98468,0.2,-0.86,0,21.65
71.903628,390.525042,0.2,-0.9,-0.06,21.73
71.988565,-13330.12487,0.4,-1.14,0.18,21.85
72.076407,-3007.492138,0.44,-1.14,0.2,21.65
72.165809,-6227.070989,0.44,-1.14,0.1,21.61
72.255008,3427.97005,0.16,-1.08,0.04,21.73
72.343837,3427.97005,0.12,-1.14,0.06,21.77
72.432504,-6757.134526,0.2,-1.2,0.3,21.57
72.521731,-8068.136612,0.14,-1.22,0.36,21.61
72.611422,-9006.7377,0.82,-1.38,-0.46,21.49
72.699958,1532.585302,0.86,-1.32,-0.46,21.61
72.789085,-4560.503828,0.9,-1.28,-0.46,21.61
72.8765,-9804.233587,1.02,-1.14,-0.4,21.21
72.953969,-4450.866087,1.02,-1.14,-0.38,21.25
73.042244,10789.80227,1.44,-0.98,-0.38,21.25
73.131191,-9547.761718,1.5,-1.04,-0.38,21.17
73.219349,-7054.353884,1.52,-0.96,-0.44,21.05
73.307593,2181.930378,1.16,-1.08,-0.2,21.21
73.384863,2181.930378,1.2,-1.14,-0.18,21.17
73.454237,8247.508549,0.86,-1.1,0.1,21.41
73.542308,-5486.474099,0.88,-1.14,0.12,21.33
73.631141,-3032.003283,0.86,-1.14,0.04,21.25
73.720025,-8504.107475,0.66,-1.06,-0.02,21.29
73.808363,6054.907313,0.66,-1.04,0,21.37
73.896608,-633.755944,0.8,-1.02,0.2,21.61
73.98526,-1855.960136,0.76,-1.08,0.18,21.45
74.074358,-9427.53219,0.7,-1.12,0.16,21.41
74.164637,2322.506068,0.96,-0.94,0.12,21.29
74.255509,-12852.27221,0.92,-0.94,0.1,21.33
74.341009,-846.413588,1.08,-1.08,0.22,21.29
74.431796,424.645589,1.04,-1.08,0.24,21.21
74.522399,1191.37436,1.18,-1.22,0.2,21.25
74.612682,-8380.130554,1.18,-1.22,0.14,21.25
74.703029,-13268.47606,1.2,-1.22,0.12,21.05
74.793205,8303.189213,1.32,-1.24,0.02,21.29
74.882978,109.548602,1.28,-1.3,0.04,21.29
74.973124,-8481.983043,1.44,-1.04,0.34,21.37
75.062077,7981.259055,1.4,-1.06,0.34,21.37
75.14671,-14695.63114,1.36,-1.08,0.32,21.33
75.235913,-8176.928916,1.6,-0.86,0.34,21.29
75.326097,-13772.17256,1.58,-0.88,0.32,21.29
75.415342,-10240.93765,1.08,-0.96,0.02,21.29
75.505155,-10240.93765,1.02,-0.96,0.08,21.45
75.589003,-11649.58288,1.18,-1.08,0.28,21.49
75.678336,-10550.58713,1.24,-1.02,0.3,21.61
75.768322,-2799.153354,1.16,-1.08,0.28,21.45
75.857377,-9087.14598,1.52,-1.22,0.84,21.33
75.947035,-6310.586911,1.5,-1.2,0.84,21.37
76.035888,14392.44458,1.62,-0.88,0.38,21.33
76.125709,-7030.19614,1.6,-0.9,0.4,21.29
76.215012,-4640.971932,1.6,-0.92,0.34,21.25
76.303727,-6703.937275,1.52,-0.98,0.7,21.37
76.393117,3939.575178,1.58,-0.96,0.66,21.41
76.482957,297.570848,1.66,-0.8,0.9,21.33
76.571867,-7578.378387,1.66,-0.84,0.9,21.25
76.660598,9315.896894,1.62,-0.86,0.88,21.25
76.749797,2458.95031,1.28,-0.84,0.8,21.05
76.839997,5848.490013,1.3,-0.8,0.82,21.05
76.926152,1514.209117,1.72,-0.96,0.62,21.05
77.015816,-10087.77289,1.84,-0.92,0.62,21.05
77.106177,422.937074,1.78,-0.96,0.54,21.05
77.19664,-11167.22226,1.26,-1.04,0.28,21.05
77.281839,-3049.306288,1.24,-1,0.34,21.05
77.371369,-5833.683687,1.26,-0.8,0.68,21.45
77.460314,12318.63003,1.24,-0.82,0.64,21.41
77.549943,-12723.23116,1.54,-0.9,0.48,21.41
77.63914,-11984.11943,1.5,-0.9,0.44,21.41
77.729107,-14719.05781,1.58,-0.96,0.44,21.29
77.819231,-6285.198784,1.72,-0.6,0.12,21.21
77.908154,-10468.60815,1.68,-0.62,0.18,21.29
77.997876,11175.3591,2.06,-0.72,0.24,21.25
78.087723,-7031.49578,2.04,-0.76,0.28,21.25
78.177444,-8907.372362,2.02,-0.72,0.22,21.17
78.266947,8821.000243,2.18,-0.74,0.4,21.29
78.356715,-5557.667699,2.18,-0.72,0.42,21.33
78.44615,-4045.496732,2.18,-0.5,0.82,21.33
78.535997,-12602.22041,2.2,-0.48,0.76,21.29
78.625855,-2070.834732,2.4,-0.38,0.7,21.25
78.710683,1843.616132,2.42,-0.36,0.7,21.29
78.799873,19188.82377,2.4,-0.38,0.72,21.29
78.888158,-11475.17786,1.78,-0.58,1.02,21.33
78.977529,-12456.93333,1.78,-0.62,1.02,21.29
79.066382,6034.114265,1.78,-0.52,0.58,21.29
79.155684,437.482543,1.66,-0.66,0.52,21.05
79.243257,-7831.843459,1.78,-0.56,0.52,21.05
79.33276,2842.21689,1.7,-0.5,0.22,21.33
79.421856,-11927.13842,1.68,-0.54,0.24,21.33
79.511347,-160.666723,1.92,-0.88,0.8,21.33
79.600356,-4792.634317,1.94,-0.88,0.76,21.25
79.69023,-782.126728,1.78,-0.88,0.76,21.37
79.780048,14401.6649,1.86,-1.32,1.1,21.41
79.87058,-12897.92823,1.84,-1.36,1.1,21.33
79.949886,-12897.92823,1.74,-1.18,1.26,21.45
80.034892,-5856.712294,1.78,-1.2,1.2,21.29
80.118683,-3007.510729,1.72,-1.22,1.2,21.29
80.208668,-7234.499614,1.84,-0.86,1,21.37
80.297492,-2361.33084,1.78,-0.84,1,21.45
80.387582,-8820.338126,0.7,-1.38,1.36,21.45
80.477939,18976.3998,0.7,-1.42,1.36,21.37
80.563573,-5749.242504,0.92,-1.16,0.9,21.57
80.653693,4265.820637,0.92,-1.22,0.9,21.61
80.742637,9606.664156,0.92,-1.2,0.9,21.53
80.833051,-3738.762352,0.72,-1.38,1.3,21.61
80.92203,-8681.618718,0.76,-1.36,1.3,21.65
81.011193,-3633.675579,0.76,-0.96,1.22,21.45
81.100252,-1773.713274,0.82,-0.96,1.2,21.41
81.190975,-6938.787188,0.7,-0.96,1.2,21.49
81.280989,-3334.751045,0.58,-1.14,0.98,21.61
81.371281,10940.38972,0.56,-1.14,0.96,21.61
81.461606,-14946.46292,0,-1.18,0.98,21.53
81.5482,723.347194,-0.02,-1.2,1.04,21.49
81.6376,-1520.224191,-0.04,-1.2,1.02,21.49
81.727695,-67.991208,-0.26,-1.36,0.76,21.61
81.817738,-4547.420997,-0.34,-1.36,0.8,21.73
81.90757,-5778.28951,-0.12,-1.34,1.26,21.41
81.996036,-3297.526443,-0.06,-1.32,1.28,21.37
82.085117,-14141.96678,0.2,-0.96,1.18,21.41
82.174357,-12144.12565,0.24,-0.9,1.12,21.45
82.265211,11150.53212,0.2,-0.98,1.1,21.33
82.35113,17979.23419,0.74,-0.92,0.76,21.37
82.440654,1076.989501,0.76,-0.86,0.76,21.53
82.529379,-11775.44796,0.64,-0.82,1.08,21.41
82.618394,-9412.601222,0.62,-0.86,1.04,21.25
82.707013,-7095.816741,0.62,-0.88,1.02,21.25
82.79671,-7265.678346,0.6,-1.04,1.2,21.37
82.886584,1178.808898,0.56,-1.06,1.24,21.45
82.975451,-146.347298,0.14,-1.18,1.2,21.53
83.064641,-10462.52586,0.12,-1.22,1.22,21.45
83.154499,-14246.9869,0.08,-1.26,1.16,21.33
83.244208,5962.453719,0.72,-1.06,1.44,21.57
83.333635,-1173.108507,0.68,-1.14,1.44,21.45
83.423252,574.762077,1.88,-0.66,0.78,21.41
83.513165,18185.85404,1.94,-0.64,0.78,21.41
83.603796,-6573.419178,1.44,-0.26,1.94,21.33
83.690054,7642.533858,1.46,-0.22,1.94,21.29
83.780138,1319.033215,1.44,-0.22,1.94,21.33
83.869396,-8444.012192,0.96,-0.42,1.6,21.49
83.95961,-307.804419,0.98,-0.34,1.6,21.61
84.045069,-908.956836,1.28,-0.26,1.22,21.49
84.135087,-10633.7948,1.28,-0.26,1.2,21.45
84.220363,-6950.278691,1.34,-0.26,1.22,21.45
84.304689,-3914.222717,0.86,-0.84,1.3,21.57
84.394537,16566.38324,0.86,-0.86,1.26,21.45
84.48443,-6624.433739,1.1,-0.9,1.22,21.45
84.57426,22831.18784,1.14,-0.86,1.2,21.45
84.663048,8401.981382,1.1,-0.94,1.18,21.41
84.753145,7815.164517,2.1,-0.7,0.96,21.45
84.842459,3333.2806,2.04,-0.74,1,21.45
84.9324,4811.025681,1.62,-0.88,1.02,21.49
85.023495,554.717437,1.68,-0.84,1,21.49
85.109734,-14827.31484,1.94,-0.72,0.7,21.49
85.200085,9689.276029,2.04,-0.68,0.7,21.49
85.288529,8674.501997,2.02,-0.68,0.7,21.53
85.378863,-7797.553609,1.6,-0.9,0.36,21.45
85.468893,-8061.053934,1.56,-0.92,0.32,21.45
85.55868,7246.880845,1.6,-1.08,0.14,21.65
85.648933,434.896395,1.6,-1.14,0.12,21.57
85.739169,3234.913086,1.62,-1.12,0.06,21.49
85.826056,7934.333343,1.72,-1.22,0.48,21.57
85.902184,-4206.652337,1.78,-1.24,0.46,21.49
85.990735,2673.40565,1.78,-1.62,0.52,21.45
86.080291,-3666.847466,1.78,-1.64,0.52,21.45
86.169212,-1617.150864,1.72,-1.7,0.52,21.45
86.257274,9729.761253,0.74,-2.58,0.32,21.41
86.346734,-14164.17808,0.74,-2.56,0.34,21.53
86.435878,-6399.08965,0.32,-1.78,-1.96,21.61
86.524812,-1388.480994,0.32,-1.8,-1.96,21.57
86.614161,-397.285968,0.28,-1.78,-1.96,21.61
86.703673,-9037.248218,1.04,-0.88,-2.46,21.45
86.792371,7400.261601,1.08,-1.12,-2.46,21.49
86.881584,1301.914755,0.92,-0.86,-2.26,21.53
86.970552,-12505.37235,0.9,-0.92,-2.26,21.61
87.060165,8413.641439,1.26,0.1,-2.32,21.49
87.149503,1196.463477,1.28,0.08,-2.32,21.45
87.23833,6332.981508,1.26,0.08,-2.32,21.45
87.326958,-7843.82544,1.26,0.04,-1.86,21.53
87.416046,-2945.149506,1.28,0.04,-1.88,21.45
87.50538,-4184.441915,1.42,-0.2,-1.88,21.57
87.595489,5229.291543,1.36,-0.26,-1.86,21.57
87.679057,-810.041243,1.36,-0.26,-1.86,21.45
87.768101,6219.348534,1.1,-0.36,-1.46,21.49
87.857173,-514.702332,1.14,-0.34,-1.46,21.45
87.946375,-2111.457388,0.64,-0.64,-1.3,21.49
88.035139,-4266.157461,0.66,-0.62,-1.32,21.57
88.124,13558.5127,0.64,-0.66,-1.38,21.37
88.212757,-13397.10325,0.94,-0.56,-1.62,21.45
88.301685,5822.956341,0.9,-0.58,-1.6,21.45
88.390244,7802.98256,0.8,-0.26,-1.6,21.49
88.478846,1758.35371,0.78,-0.34,-1.6,21.41
88.567401,4434.329449,0.46,-0.58,-1.46,21.61
88.651025,-12938.13426,0.44,-0.62,-1.46,21.49
88.740206,-415.589152,0.44,-0.6,-1.44,21.61
88.829355,-5216.647552,0.52,-0.56,-1.46,21.61
88.918525,8544.869128,0.52,-0.5,-1.54,21.69
89.006991,-1858.166608,0.22,-0.46,-1.48,21.61
89.095882,-9455.119831,0.28,-0.4,-1.54,21.49
89.18488,11974.06708,0.2,-0.5,-1.54,21.49
89.274682,-1934.991841,0.28,-0.5,-1.44,21.49
89.364576,-3519.885923,0.32,-0.46,-1.5,21.45
89.452472,-12316.73164,0.58,-0.2,-1.68,21.61
89.540652,559.963496,0.62,-0.2,-1.7,21.41
89.628117,-5689.221422,0.62,-0.22,-1.72,21.41
89.716027,-7712.00721,0.42,-0.26,-1.66,21.45
89.804405,18608.3353,0.4,-0.22,-1.7,21.49
89.892704,-3263.535349,0.42,-0.24,-1.54,21.61
89.981127,4173.336941,0.4,-0.22,-1.56,21.61
90.069232,1057.852728,0.4,-0.22,-1.62,21.53
90.151433,-10315.68486,0.44,-0.46,-1.52,21.45
90.235064,-12168.34093,0.44,-0.38,-1.54,21.49
90.322957,-10056.66758,0.76,-0.24,-1.1,21.61
90.41118,858.977771,0.86,-0.26,-1.14,21.33
90.499822,5212.801933,0.72,-0.22,-0.86,21.61
90.586406,5212.801933,0.74,-0.22,-0.92,21.45
90.673099,-475.842101,0.68,-0.2,-0.88,21.49
90.7616,-14885.12645,1.1,-0.14,-0.8,21.45
90.849103,-10853.08694,1.1,-0.14,-0.84,21.37
90.937342,-12571.73043,1.1,-0.38,-0.14,21.45
91.025921,17059.59443,1.1,-0.34,-0.12,21.57
91.11454,-11857.73907,1.1,-0.38,-0.14,21.49
91.197334,14528.95269,1.02,-0.26,-0.02,21.53
91.286937,-3496.454951,1.04,-0.3,0.02,21.45
91.376712,-13586.00142,0.94,-0.34,-0.26,21.45
91.465866,13423.41345,0.94,-0.32,-0.26,21.45
91.556066,9253.184166,0.92,-0.36,-0.26,21.41
91.6455,-2628.16576,1.2,-0.12,-0.38,21.49
91.735123,-1240.591882,1.24,-0.14,-0.38,21.41
91.825485,-6712.537659,0.7,-0.38,-0.64,21.45
91.913992,1014.259759,0.62,-0.42,-0.72,21.29
92.00252,-10577.714,0.18,-0.9,-0.42,21.69
92.091552,-8266.933426,0.18,-0.94,-0.42,21.65
92.18138,13433.01352,0.2,-0.92,-0.4,21.65
92.269658,-5530.442536,0.24,-0.5,0,21.77
92.359911,-12868.48338,0.28,-0.48,0.02,21.77
92.449799,-7600.043652,0.28,-0.64,-0.14,21.77
92.53907,-9205.420305,0.34,-0.58,-0.06,21.97
92.628519,4842.79525,0.16,-0.72,-0.2,21.65
92.717943,-1162.793706,0.12,-0.76,0.04,21.85
92.807452,-498.252451,0.12,-0.8,0.04,21.77
92.896253,-4868.222779,0.22,-0.72,-0.16,21.73
92.981064,-14718.36229,0.04,-0.88,-0.36,21.37
93.070274,-2243.848305,0.16,-0.78,-0.22,21.61
93.157922,-4848.142786,0.36,-0.78,-0.06,21.73
93.246597,3992.098539,0.34,-0.8,-0.04,21.73
93.335364,-11110.22115,0.36,-0.64,0,21.81
93.424171,-7270.905645,0.46,-0.64,-0.06,21.77
93.509674,5329.393642,0.42,-0.7,-0.06,21.73
93.598681,-10401.82815,0.06,-0.82,-0.46,21.69
93.683364,-1626.417229,0.02,-0.82,-0.46,21.81
93.768971,-5786.279062,0,-1.06,-0.62,21.65
93.858059,-2166.432572,0,-1.06,-0.64,21.65
93.942983,9589.066357,0.2,-0.8,-0.2,21.85
94.031059,-4052.322873,0.2,-0.78,-0.18,21.89
94.120145,-7107.431034,0.2,-0.8,-0.22,21.85
94.209026,-8829.31282,0.36,-0.72,-0.26,21.77
94.298072,-14037.26845,0.36,-0.68,-0.26,21.77
94.386691,10570.62532,0.16,-0.72,-0.26,21.49
94.469485,-9886.934893,0.12,-0.72,-0.22,21.57
94.558428,-6715.821511,0.1,-0.76,-0.26,21.45
94.647492,-13206.0227,0,-0.44,-0.58,21.89
94.730094,-53.616179,0,-0.54,-0.62,21.69
94.818427,-4796.861731,-0.18,-0.46,-0.58,21.73
94.90703,27568.99847,-0.2,-0.42,-0.56,21.77
94.995978,-520.884629,-0.24,-0.46,-0.6,21.77
95.085182,11543.55508,-0.4,-0.26,-0.42,21.57
95.174346,-8993.377705,-0.44,-0.24,-0.42,21.61
95.263569,9068.769094,-0.26,-0.24,-0.38,21.53
95.352995,19574.10117,-0.34,-0.26,-0.38,21.61
95.441711,4734.170668,-0.14,-0.14,-0.26,21.49
95.530976,9664.173996,-0.18,-0.08,-0.2,21.73
95.620412,-4183.110694,-0.2,-0.18,-0.22,21.53
95.709506,8197.113044,-0.22,-0.24,-0.26,21.61
95.798345,-561.523381,-0.26,-0.24,-0.26,21.69
95.887281,-1195.583982,-0.4,-0.34,-0.34,21.69
95.975672,6162.150876,-0.34,-0.26,-0.38,21.65
96.064685,5661.503931,-0.38,-0.36,-0.38,21.61
96.153577,324.027508,0,-0.38,-0.52,21.77
96.242647,-3485.421301,0.04,-0.38,-0.56,21.65
96.331782,13538.09844,0.28,-0.4,-0.46,21.77
96.421022,6425.555344,0.3,-0.38,-0.48,21.77
96.510013,-14716.53095,0.28,-0.44,-0.5,21.65
96.588651,16287.36789,0.58,-0.34,-0.44,21.77
96.671715,-6282.412243,0.54,-0.42,-0.42,21.65
96.759483,21018.58882,0.54,-0.08,-0.26,21.37
96.846512,1084.188935,0.52,-0.02,-0.24,21.53
96.933878,6597.500081,0.52,-0.06,-0.26,21.33
97.020762,20575.98195,0.62,-0.22,-0.18,21.33
97.107794,8662.532504,0.56,-0.26,-0.12,21.45
97.194976,-7673.920636,0.76,-0.12,-0.08,21.29
97.28191,-2846.4724,0.76,-0.06,-0.08,21.29
97.369166,-5897.418269,0.6,-0.1,-0.16,21.65
97.456689,-9312.43731,0.62,-0.14,-0.18,21.53
97.543828,-2899.031847,0.58,-0.14,-0.18,21.61
97.630725,-3410.913161,0.56,-0.22,-0.18,21.69
97.717977,5692.753538,0.62,-0.16,-0.2,21.69
97.805065,786.960182,0.36,-0.22,-0.22,21.69
97.892207,18478.7207,0.42,-0.16,-0.24,21.73
97.979507,-4025.788647,0.36,-0.2,-0.24,21.69
98.066703,-2130.254926,0.46,-0.2,-0.14,21.85
98.154619,13866.62208,0.46,-0.2,-0.14,21.77
98.238553,-2330.563181,0.28,-0.12,-0.18,21.77
98.307149,-2.917345,0.24,-0.14,-0.14,21.85
98.385765,-3.543728,0.14,-0.14,-0.16,21.81
98.470346,4915.17758,0.2,-0.08,-0.18,21.85
98.555162,-4446.632629,0.14,-0.14,-0.2,21.73
98.643416,9352.997831,0.14,-0.16,-0.26,21.73
98.726253,-2.770215,0.16,-0.06,-0.26,21.85
98.811005,-2.770215,0.12,-0.14,-0.2,21.77
98.895548,4711.077173,0.14,-0.08,-0.22,21.77
98.980079,-5380.759713,0.2,-0.3,-0.26,21.77
99.070694,310.557285,0.24,-0.2,-0.26,21.89
99.159121,-9842.020302,0.24,-0.26,-0.24,21.81
99.247575,8103.550529,0.28,-0.14,-0.14,21.73
99.328997,3365.272636,0.24,-0.22,-0.14,21.65
99.417938,1843.219911,0.28,-0.22,-0.14,21.49
99.506397,28121.54091,0.24,-0.18,-0.14,21.61
99.594158,-5451.252494,0.28,-0.2,-0.14,21.53
99.68223,-7471.116695,0.24,-0.08,-0.2,21.41
99.770985,-3224.599294,0.2,-0.12,-0.14,21.53
99.858808,16390.51064,0.26,-0.16,-0.04,21.37
99.942906,-14449.41436,0.22,-0.22,0,21.45
100.028561,4429.311342,0.22,-0.22,-0.02,21.45
100.118102,-4040.481014,0.34,-0.12,-0.04,21.41
100.207129,8583.491654,0.32,-0.14,-0.06,21.41
100.296008,-10707.6276,0.34,-0.14,-0.02,21.41
100.385621,11882.82432,0.3,-0.14,0.04,21.53
100.474808,5644.922529,0.24,-0.2,-0.02,21.41
100.563284,695.776894,0.36,-0.12,0.02,21.53
100.651927,7375.72,0.38,-0.12,-0.02,21.45
100.741936,8427.16384,0.6,-0.24,0.04,21.57
100.831797,6435.271983,0.64,-0.22,0,21.57
100.921575,-4913.999321,0.74,0.04,-0.38,21.61
101.011791,3755.210121,0.7,-0.02,-0.4,21.49
101.101066,8843.901111,0.7,-0.06,-0.38,21.49
101.189898,-5697.208506,0.62,-0.06,-0.2,21.41
101.27871,13413.05838,0.56,-0.06,-0.16,21.45
101.36836,-9956.541165,0.36,0.12,-0.1,21.45
101.457424,-2492.967971,0.36,0.2,-0.06,21.57
101.546594,-9074.598167,0.36,0.16,-0.12,21.49
101.636259,-13629.57948,0.44,0.24,0.02,21.69
101.726618,-13799.16613,0.4,0.18,0.02,21.53
101.807949,15850.10939,0.28,0.24,0.12,21.49
101.898308,5056.813087,0.24,0.2,0.14,21.53
101.988638,29936.06473,0.2,0.2,0.12,21.61
102.078832,4801.791591,0.34,-0.06,0.32,21.33
102.16887,9148.772216,0.32,-0.06,0.32,21.49
102.258881,-8537.010457,0.46,-0.04,0.24,21.37
102.349098,-7338.375154,0.44,-0.06,0.28,21.33
102.439297,-4019.857188,0.3,0.04,0.22,21.45
102.529226,2124.617523,0.34,0.1,0.24,21.49
102.61865,-8838.547835,0.38,0.08,0.18,21.37
102.707806,-7267.141586,0.32,-0.06,0.1,21.41
102.797623,-6374.70009,0.28,-0.1,0.1,21.41
102.887423,21057.54011,0.36,-0.04,0.18,21.45
102.976715,6320.266159,0.36,-0.06,0.18,21.33
103.066961,-593.59293,0.34,-0.06,0.12,21.37
103.152074,13727.27819,0.38,-0.08,0.12,21.37
103.241514,3934.962306,0.4,-0.06,0.1,21.33
103.330361,16516.22183,0.54,-0.08,0.06,21.49
103.420617,11050.35632,0.48,-0.14,0.08,21.41
103.51526,-3920.078325,0.68,0.06,0.06,21.45
103.592083,-3258.089371,0.64,0.04,0.08,21.45
103.682443,-13662.5468,0.6,0.04,0.12,21.53
103.771593,-14718.60829,1.08,0.28,0.24,21.21
103.860926,14184.51353,1.04,0.24,0.28,21.21
103.9503,-11928.72672,0.98,0.2,0.24,21.29
104.040186,-9807.070511,0.96,0.18,0.2,21.25
104.129295,3994.017501,0.94,0.18,0.22,21.25
104.219153,16143.1465,0.84,0.2,0.06,21.37
104.309142,571.054543,0.84,0.2,0.04,21.41
104.3991,7823.512467,0.84,-0.04,-0.06,21.45
104.484689,15972.90544,0.94,0.02,-0.08,21.41
104.574365,-10719.08356,0.86,-0.02,-0.08,21.41
104.663945,-83.099841,1.02,0.08,-0.26,21.41
104.753788,12359.15732,1.04,0.06,-0.3,21.33
104.843866,-5926.438604,0.84,0,-0.34,21.49
104.933397,-5926.438604,0.9,0.08,-0.38,21.57
105.023176,-8095.59607,0.84,0.02,-0.38,21.53
105.11313,-8667.228226,1.02,0.04,-0.2,21.49
105.2027,-3107.491815,0.96,0.06,-0.18,21.61
105.296769,5930.211036,1.1,0.22,-0.22,21.21
105.380986,-11170.46555,1.06,0.22,-0.18,21.45
105.470291,-3478.878817,1.12,0.06,-0.22,21.41
105.559831,6628.04441,1.1,0.1,-0.2,21.61
105.649477,1793.307862,1.1,0.1,-0.24,21.61
105.739257,920.710386,1.1,-0.04,-0.26,21.85
105.828989,-4776.614656,1.14,0,-0.26,21.93
105.918701,-497.508838,1.1,0.08,-0.38,21.77
106.008477,-1661.100689,1.14,0.08,-0.42,21.73
106.098329,15627.44533,1.1,0.08,-0.46,21.69
106.186874,-6513.808545,1.06,-0.06,-0.42,21.85
106.277175,15041.78389,1.02,-0.08,-0.42,21.77
106.366517,-1598.091309,1.1,0.12,-0.56,21.77
106.454819,8450.500474,1.06,0.12,-0.58,21.65
106.544985,8450.500474,1.28,0,-0.54,21.45
106.634582,-2980.810624,1.22,0.02,-0.52,21.49
106.723843,-9426.852814,1.28,0,-0.5,21.41
106.813975,-13279.70681,1.08,-0.14,-0.68,21.45
106.903807,-6465.887092,1.08,-0.14,-0.72,21.45
106.993884,-4933.829079,0.76,-0.06,-0.58,21.33
107.083964,10292.3057,0.7,-0.08,-0.56,21.37
107.162724,-9479.331428,0.72,-0.06,-0.58,21.45
107.251581,3998.178962,0.86,-0.16,-0.44,21.05
107.331461,-7650.190362,0.88,-0.14,-0.38,21.05
107.420613,-3716.311286,0.88,-0.14,-0.22,21.45
107.504341,-8386.052249,0.86,-0.14,-0.22,21.45
107.593122,-14351.26115,0.86,-0.18,-0.26,21.33
107.681728,-2671.061162,0.88,-0.1,-0.24,21.29
107.770825,-10770.75711,0.86,-0.08,-0.22,21.45
107.860009,-14314.46614,0.88,0.22,-0.26,21.37
107.948472,-8998.758742,0.8,0.22,-0.32,21.41
108.037457,2203.389717,0.76,0.16,-0.3,21.33
108.126205,-2252.012898,0.76,0.2,-0.3,21.53
108.215166,-9262.518174,0.76,0.2,-0.32,21.49
108.304291,2226.672319,0.86,0.04,-0.26,21.17
108.393062,-1011.823848,0.82,0.04,-0.22,21.29
108.482217,1497.260969,0.86,0.08,-0.12,21.49
108.571652,6807.072642,0.86,0.12,-0.12,21.53
108.660942,-1248.000558,0.86,0.1,-0.14,21.45
108.749471,22207.51378,0.8,0.06,-0.22,21.01
108.838805,959.478912,0.84,0.04,-0.18,21.05
108.926094,-10298.49394,0.9,0.06,-0.24,20.69
109.010637,-6911.784813,0.86,0.04,-0.22,20.69
109.099678,-13124.21888,0.9,0.04,-0.26,20.61
109.188731,17818.71671,0.92,0.1,-0.22,20.77
109.278046,-11818.654,0.84,0.04,-0.22,20.69
109.367049,-5629.381837,0.86,-0.02,-0.24,20.65
109.455757,26126.83626,0.9,0.02,-0.26,20.65
109.544599,10175.59952,0.86,-0.02,-0.26,20.65
109.633902,-8479.495157,0.94,-0.06,-0.12,20.61
109.723278,-2968.447941,0.92,-0.1,-0.12,20.57
109.811581,-2253.302467,0.92,-0.06,-0.04,20.89
109.900635,11864.77565,0.96,-0.06,-0.06,20.77
109.989202,-6342.005822,0.86,0.02,-0.06,20.77
110.077484,431.228578,0.9,0.04,-0.06,20.69
110.165905,-9704.21287,0.86,0.04,-0.06,20.69
110.253967,-11750.36125,0.74,0,-0.04,20.77
110.341952,-8391.805327,0.84,-0.02,-0.02,20.65
110.429905,-7468.185139,0.66,0.02,0.04,20.77
110.518711,-11650.62809,0.7,0.04,0.02,20.81
110.607542,-1206.253118,0.68,0.04,0.02,20.81
110.687876,-2719.473677,1.02,-0.06,-0.02,21.01
110.776713,-4772.646396,0.94,-0.06,0,21.05
110.865199,15053.46688,1.08,-0.06,0.02,21.01
110.953841,15053.46688,1.1,-0.02,-0.06,20.93
111.042404,-520.502815,1.08,-0.08,-0.06,20.85
111.131347,21002.84362,0.84,-0.02,-0.04,21.05
111.219994,-12527.68284,0.76,-0.02,-0.06,21.05
111.309288,-9305.199213,0.92,0.08,0.2,20.61
111.398017,21455.85134,0.88,0.06,0.18,20.61
111.486417,-5851.937869,0.82,0.08,0.12,20.57
111.576162,-7646.901193,0.9,-0.02,0.2,20.85
111.664593,1971.809815,0.9,0,0.2,20.89
111.753128,-2485.96624,0.84,-0.06,0.04,21.29
111.841471,-4691.056874,0.84,-0.04,0.1,21.45
111.929187,2133.019836,0.8,-0.14,0.04,21.29
112.017565,19274.75919,0.94,-0.08,-0.06,21.45
112.10603,1486.461439,0.9,-0.06,-0.06,21.57
112.194301,-8224.634042,0.74,-0.26,0.06,21.61
112.282712,-957.358371,0.74,-0.24,0.08,21.69
112.370756,-11477.11174,0.92,-0.04,0.14,21.61
112.45022,-13172.17882,0.92,-0.08,0.14,21.49
112.537868,-194.041005,0.9,-0.1,0.14,21.53
112.626035,14009.30067,1,-0.06,0.06,21.21
112.715079,4271.447041,1.02,-0.06,0.08,21.25
112.803576,-9510.696575,1.06,-0.04,0.04,21.41
112.891783,-3585.919782,1.06,-0.06,0.08,21.33
112.980048,3397.531993,1.02,-0.1,-0.02,21.17
113.068964,-9347.029882,1.2,-0.06,-0.06,21.45
113.157352,-9347.029882,1.16,-0.12,-0.08,21.33
113.245622,-572.146538,0.98,-0.06,0.16,21.17
113.334053,-14408.18898,0.96,-0.06,0.18,21.29
113.422917,-6263.284351,0.92,-0.06,0.18,21.29
113.511765,1433.887908,0.86,-0.16,-0.02,21.45
113.600406,5405.350598,0.9,-0.2,-0.06,21.29
113.68952,-14622.71238,1.2,-0.14,-0.12,21.49
113.777691,-14622.71238,1.16,-0.16,-0.08,21.49
113.866233,-7030.077846,1.32,-0.36,-0.42,20.97
113.954943,-6086.090749,1.3,-0.32,-0.42,21.05
114.042842,9043.505724,1.28,-0.34,-0.38,21.05
114.131278,13921.70545,1.5,-0.3,-0.3,21.17
114.207354,-3659.651411,1.44,-0.34,-0.26,21.21
114.295931,-12502.83266,1.34,-0.2,-0.44,21.01
114.384643,-621.739062,1.34,-0.16,-0.46,21.01
114.472946,9692.035575,1.36,-0.18,-0.48,20.97
114.561602,-650.349873,1.28,-0.16,-0.36,21.21
114.650568,-13064.21562,1.2,-0.18,-0.4,21.05
114.738893,-12103.83201,1.24,-0.16,-0.26,21.45
114.827443,14632.8671,1.26,-0.22,-0.26,21.29
114.916125,1977.671867,1.2,-0.22,-0.26,21.45
115.000305,12176.99954,1.52,-0.32,-0.24,21.49
115.088644,-4094.888275,1.48,-0.34,-0.26,21.45
115.177598,7941.32861,1.2,-0.18,-0.56,21.29
115.266058,3684.016972,1.26,-0.12,-0.58,21.29
115.3546,-5316.595424,1.12,-0.12,-0.58,21.53
115.44311,-4723.910734,1.08,-0.1,-0.56,21.53
115.531321,16331.31695,1.18,-0.1,-0.58,21.53
115.619738,-10778.08396,1.04,-0.18,-0.68,21.17
115.708562,3987.12182,1.02,-0.16,-0.64,21.21
115.797289,-8963.21127,1.08,-0.26,-0.32,21.29
115.877293,-9854.002531,1.16,-0.2,-0.34,21.29
115.957393,-2128.572044,1.06,-0.26,-0.34,21.21
116.045806,6899.416591,0.92,-0.02,-0.16,21.29
116.133827,-3805.30703,0.92,-0.04,-0.16,21.29
116.222546,-922.150414,0.78,-0.12,-0.26,21.25
116.309199,-684.487435,0.76,-0.06,-0.26,21.37
116.39741,3319.821646,0.76,-0.12,-0.32,21.29
116.486423,2143.028449,0.78,-0.02,-0.48,21.29
116.574729,2740.849477,0.78,-0.02,-0.46,21.41
116.662931,-2646.374611,0.82,0.14,-0.1,21.61
116.750899,16491.23398,0.86,0.12,-0.14,21.45
116.839649,-12886.93388,0.86,-0.14,-0.14,21.45
116.927881,-5802.860881,0.94,-0.06,-0.18,21.49
117.016303,-11147.2209,0.94,-0.06,-0.16,21.49
117.104268,91.421204,1.14,0.32,-0.06,21.45
117.192639,-12957.43547,1.16,0.34,-0.08,21.45
117.281672,7432.271819,1,0.06,0.14,21.45
117.36983,-1344.755452,1.04,0.08,0.1,21.37
117.4586,-568.181275,1.06,0.04,0.08,21.37
117.547478,19038.33884,1.02,0,0.14,21.41
117.636176,-11952.69747,1.02,0.04,0.16,21.53
117.723204,734.461919,0.98,0.34,0.12,21.61
117.807783,10708.56359,0.94,0.28,0.16,21.53
117.896378,8390.000719,0.92,0.28,0.12,21.49
117.98466,627.047459,0.82,0.24,-0.3,21.45
118.072941,-8603.100425,0.8,0.28,-0.32,21.45
118.161306,10033.36352,1.06,0.2,-0.02,21.45
118.250006,-5601.151486,1.1,0.24,-0.04,21.45
118.338174,201.93162,1.06,-0.02,0.24,21.41
118.426125,5574.547217,1.1,0.02,0.22,21.45
118.514331,-4100.568364,1.1,0.02,0.22,21.37
118.60214,-9980.805723,1.02,0.02,0.3,21.45
118.690189,278.601521,1.02,0.02,0.3,21.45
118.77874,-4032.013576,1,0.52,0.04,21.53
118.866916,-3850.292606,1.02,0.48,0.06,21.41
118.955055,-3074.935189,0.94,0.46,0.04,21.45
119.043648,1756.3864,0.96,0.38,-0.2,21.45
119.131871,315.87617,1,0.36,-0.16,21.49
119.220349,-6773.384205,0.94,0.16,-0.14,21.53
119.304454,-2659.08118,0.94,0.18,-0.14,21.53
119.392135,2518.206529,0.96,0.16,-0.22,21.41
119.464631,-3036.726913,0.8,-0.1,-0.14,21.57
119.538611,-1795.162963,0.76,-0.16,-0.12,21.45
119.614046,1054.750401,0.9,-0.04,-0.22,21.45
119.692436,7086.025388,0.86,-0.06,-0.22,21.45
119.769134,-12755.77253,0.92,0.18,-0.18,21.41
119.858177,12527.25886,0.88,0.12,-0.16,21.37
119.946451,-8556.483922,0.86,0.18,-0.16,21.45
120.035428,-7615.549279,0.94,-0.04,0.02,21.53
120.123949,-5113.796342,0.96,-0.08,0.02,21.45
120.211846,8488.115276,1.2,-0.06,0.2,21.53
120.299942,-2744.086901,1.22,-0.08,0.14,21.33
120.388401,-9367.098552,1.18,-0.14,0.12,21.29
120.477426,-13388.41824,1.1,-0.1,0.1,21.37
120.565935,3616.02162,1.06,-0.08,0.12,21.45
120.654315,4218.312311,1,0.04,0.08,21.57
120.743325,14951.6565,0.98,0,0.12,21.57
120.832353,499.862855,0.94,0.02,0.08,21.57
120.921133,-1822.418412,0.94,-0.06,0.18,21.45
121.009777,21706.31419,0.9,-0.06,0.22,21.49
121.098465,8421.370808,0.94,-0.22,0.18,21.41
121.182023,-2818.80662,0.94,-0.22,0.18,21.37
121.270328,-9245.879617,0.82,-0.22,0.2,21.29
121.358621,-2670.382187,0.84,-0.24,0.22,21.29
121.446702,5949.871792,0.8,-0.22,0.24,21.37
121.534866,-3025.420061,0.92,-0.06,0.14,21.53
121.62332,124.083989,0.84,-0.08,0.16,21.61
121.711782,3310.343887,0.76,-0.18,0.18,21.45
121.799501,-2162.225455,0.78,-0.14,0.2,21.53
121.887922,-8113.081316,0.78,-0.14,0.16,21.45
121.976627,-3939.656402,0.92,-0.18,0.16,21.45
122.065028,-10037.43613,0.94,-0.16,0.18,21.53
122.153471,10472.99376,0.72,-0.16,0.02,21.53
122.242255,-2303.76164,0.76,-0.14,0.06,21.61
122.326869,-6260.266466,0.7,-0.2,0,21.45
122.415519,-926.386006,0.86,-0.16,-0.04,21.45
122.504236,1788.314284,0.94,-0.1,-0.02,21.49
122.592772,19225.91427,0.72,-0.12,-0.12,21.33
122.681202,12257.19366,0.76,-0.12,-0.08,21.33
122.770382,-1508.928713,0.7,-0.1,-0.12,21.37
122.859174,1468.471791,0.82,-0.08,-0.16,21.49
122.942149,9147.789413,0.78,-0.12,-0.2,21.45
123.0295,-14586.23511,0.86,0,-0.14,21.37
123.113938,-1132.594411,0.92,0.02,-0.14,21.41
123.202681,-1454.960242,0.72,-0.06,-0.12,21.37
123.290948,-6895.750975,0.72,-0.06,-0.14,21.33
123.379645,21109.48066,0.76,-0.06,-0.12,21.33
123.467835,-12759.29838,0.7,-0.08,-0.14,21.33
123.556385,14484.92047,0.72,-0.06,-0.14,21.37
123.644904,22349.12435,0.66,-0.04,-0.1,21.29
123.733454,-12549.68778,0.66,-0.06,-0.06,21.29
123.821602,-5244.017703,0.62,-0.06,-0.06,21.29
